"EmployeeID","FirstName","MiddleName","LastName","JobTitle","PhoneNumber","EmailAddress","AddressLine1","AddressLine2","City","StateProvinceName","PostalCode","Country"
1,"Ke","J","Sánchez","Chief Executive Officer","697-555-0142","ken0@adventure-works.com","4350 Minute Dr.","","Newport Hills","Washingto","98006","United States"
2,"Terri","Lee","Duffy","Vice President of Engineering","819-555-0175","terri0@adventure-works.com","7559 Worth Ct.","","Rento","Washingto","98055","United States"
3,"Roberto","","Tamburello","Engineering Manager","212-555-0187","roberto0@adventure-works.com","2137 Birchwood Dr","","Redmond","Washingto","98052","United States"
4,"Rob","","Walters","Senior Tool Designer","612-555-0100","rob0@adventure-works.com","5678 Lakeview Blvd.","","Minneapolis","Minnesota","55402","United States"
5,"Gail","A","Erickso","Design Engineer","849-555-0139","gail0@adventure-works.com","9435 Breck Court","","Bellevue","Washingto","98004","United States"
6,"Jossef","H","ldberg","Design Engineer","122-555-0189","jossef0@adventure-works.com","5670 Bel Air Dr.","","Rento","Washingto","98055","United States"
7,"Dyla","A","Miller","Research and Development Manager","181-555-0156","dylan0@adventure-works.com","7048 Laurel","","Kenmore","Washingto","98028","United States"
8,"Diane","L","Margheim","Research and Development Engineer","815-555-0138","diane1@adventure-works.com","475 Santa Maria","","Everett","Washingto","98201","United States"
9,"Gigi","","Matthew","Research and Development Engineer","185-555-0186","gigi0@adventure-works.com","7808 Brown St.","","Bellevue","Washingto","98004","United States"
10,"Michael","","Raheem","Research and Development Manager","330-555-2568","michael6@adventure-works.com","1234 Seaside Way","","San Francisco","California","94109","United States"
11,"Ovidiu","V","Cracium","Senior Tool Designer","719-555-0181","ovidiu0@adventure-works.com","5458 Gladstone Drive","","Kenmore","Washingto","98028","United States"
12,"Thierry","B","D'Hers","Tool Designer","168-555-0183","thierry0@adventure-works.com","1970 Napa Ct.","","Bothell","Washingto","98011","United States"
13,"Janice","M","Galvi","Tool Designer","473-555-0117","janice0@adventure-works.com","3397 Rancho View Drive","","Redmond","Washingto","98052","United States"
14,"Michael","I","Sulliva","Senior Design Engineer","465-555-0156","michael8@adventure-works.com","6510 Hacienda Drive","","Rento","Washingto","98055","United States"
15,"Sharo","B","Salavaria","Design Engineer","970-555-0138","sharon0@adventure-works.com","7165 Brock Lane","","Rento","Washingto","98055","United States"
16,"David","M","Bradley","Marketing Manager","913-555-0172","david0@adventure-works.com","3768 Door Way","","Redmond","Washingto","98052","United States"
17,"Kevi","F","Brow","Marketing Assistant","150-555-0189","kevin0@adventure-works.com","7883 Missing Canyon Court","","Everett","Washingto","98201","United States"
18,"Joh","L","Wood","Marketing Specialist","486-555-0150","john5@adventure-works.com","9906 Oak Grove Road","","Redmond","Washingto","98052","United States"
19,"Mary","A","Dempsey","Marketing Assistant","124-555-0114","mary2@adventure-works.com","6307 Greenbelt Way","","Bellevue","Washingto","98004","United States"
20,"Wanida","M","Benshoof","Marketing Assistant","708-555-0141","wanida0@adventure-works.com","6951 Harmony Way","","Sammamish","Washingto","98074","United States"
21,"Terry","J","Eminhizer","Marketing Specialist","138-555-0118","terry0@adventure-works.com","8668 Via Neruda","","Bellevue","Washingto","98004","United States"
22,"Sariya","E","Harnpadoungsataya","Marketing Specialist","399-555-0176","sariya0@adventure-works.com","1185 Dallas Drive","","Everett","Washingto","98201","United States"
23,"Mary","E","Gibso","Marketing Specialist","531-555-0183","mary0@adventure-works.com","3928 San Francisco","","Everett","Washingto","98201","United States"
24,"Jill","A","Williams","Marketing Specialist","510-555-0121","jill0@adventure-works.com","3238 Laguna Circle","","Everett","Washingto","98201","United States"
25,"James","R","Hamilto","Vice President of Productio","870-555-0122","james1@adventure-works.com","9652 Los Angeles","","Monroe","Washingto","98272","United States"
26,"Peter","J","Krebs","Production Control Manager","913-555-0196","peter0@adventure-works.com","3670 All Ways Drive","","Bellevue","Washingto","98004","United States"
27,"Jo","A","Brow","Production Supervisor - WC60","632-555-0129","jo0@adventure-works.com","9693 Mellowood Street","","Duvall","Washingto","98019","United States"
28,"Guy","R","Gilbert","Production Technician - WC60","320-555-0195","guy1@adventure-works.com","7726 Driftwood Drive","","Monroe","Washingto","98272","United States"
29,"Mark","K","McArthur","Production Technician - WC60","417-555-0154","mark1@adventure-works.com","9863 Ridge Place","","Redmond","Washingto","98052","United States"
30,"Britta","L","Simo","Production Technician - WC60","955-555-0169","britta0@adventure-works.com","2046 Las Palmas","","Edmonds","Washingto","98020","United States"
31,"Margie","W","Shoop","Production Technician - WC60","818-555-0128","margie0@adventure-works.com","2080 Sycamore Drive","","Edmonds","Washingto","98020","United States"
32,"Rebecca","A","Laszlo","Production Technician - WC60","314-555-0113","rebecca0@adventure-works.com","3197 Thornhill Place","","Bellevue","Washingto","98004","United States"
33,"Annik","O","Stahl","Production Technician - WC60","499-555-0125","annik0@adventure-works.com","7842 Ygnacio Valley Road","","Seattle","Washingto","98104","United States"
34,"Suchitra","O","Moha","Production Technician - WC60","753-555-0129","suchitra0@adventure-works.com","5678 Clear Court","","Bellevue","Washingto","98004","United States"
35,"Brando","G","Heidepriem","Production Technician - WC60","429-555-0137","brandon0@adventure-works.com","8000 Crane Court","","Redmond","Washingto","98052","United States"
36,"Jose","R","Lu","Production Technician - WC60","587-555-0115","jose0@adventure-works.com","5125 Cotton Ct.","","Seattle","Washingto","98104","United States"
37,"Chris","O","Okelberry","Production Technician - WC60","315-555-0144","chris2@adventure-works.com","8467 Clifford Court","","Redmond","Washingto","98052","United States"
38,"Kim","B","Abercrombie","Production Technician - WC60","208-555-0114","kim1@adventure-works.com","9752 Jeanne Circle","","Carnatio","Washingto","98014","United States"
39,"Ed","R","Dudenhoefer","Production Technician - WC60","919-555-0140","ed0@adventure-works.com","4598 Manila Avenue","","Seattle","Washingto","98104","United States"
40,"JoLyn","M","Dobney","Production Supervisor - WC60","903-555-0145","jolynn0@adventure-works.com","7126 Ending Ct.","","Seattle","Washingto","98104","United States"
41,"Brya","","Baker","Production Technician - WC60","712-555-0113","bryan0@adventure-works.com","2275 Valley Blvd.","","Monroe","Washingto","98272","United States"
42,"James","D","Kramer","Production Technician - WC60","119-555-0117","james0@adventure-works.com","4734 Sycamore Court","","Monroe","Washingto","98272","United States"
43,"Nancy","A","Anderso","Production Technician - WC60","970-555-0118","nancy0@adventure-works.com","7820 Bird Drive","","Sammamish","Washingto","98074","United States"
44,"Simo","D","Rapier","Production Technician - WC60","963-555-0134","simon0@adventure-works.com","3421 Bouncing Road","","Duvall","Washingto","98019","United States"
45,"Thomas","R","Michaels","Production Technician - WC60","278-555-0118","thomas0@adventure-works.com","7338 Green St.","","Edmonds","Washingto","98020","United States"
46,"Eugene","O","Koga","Production Technician - WC60","173-555-0179","eugene1@adventure-works.com","991 Vista Verde","","Duvall","Washingto","98019","United States"
47,"Andrew","R","Hill","Production Supervisor - WC10","908-555-0159","andrew0@adventure-works.com","6629 Polson Circle","","Everett","Washingto","98201","United States"
48,"Ruth","An","Ellerbrock","Production Technician - WC10","145-555-0130","ruth0@adventure-works.com","2176 Apollo Way","","Everett","Washingto","98201","United States"
49,"Barry","K","Johnso","Production Technician - WC10","206-555-0180","barry0@adventure-works.com","3114 Notre Dame Ave.","","Snohomish","Washingto","98296","United States"
50,"Sidney","M","Higa","Production Technician - WC10","424-555-0189","sidney0@adventure-works.com","9277 Country View Lane","","Edmonds","Washingto","98020","United States"
51,"Jeffrey","L","Ford","Production Technician - WC10","984-555-0185","jeffrey0@adventure-works.com","5734 Ashford Court","","Monroe","Washingto","98272","United States"
52,"Doris","M","Hartwig","Production Technician - WC10","328-555-0150","doris0@adventure-works.com","5553 Cash Avenue","","Kenmore","Washingto","98028","United States"
53,"Diane","R","Glimp","Production Technician - WC10","202-555-0151","diane0@adventure-works.com","9006 Woodside Way","","Redmond","Washingto","98052","United States"
54,"Bonnie","","Kearney","Production Technician - WC10","264-555-0150","bonnie0@adventure-works.com","4852 Chaparral Court","","Snohomish","Washingto","98296","United States"
55,"Taylor","R","Maxwell","Production Supervisor - WC50","508-555-0165","taylor0@adventure-works.com","504 O St.","","Edmonds","Washingto","98020","United States"
56,"Denise","H","Smith","Production Technician - WC50","869-555-0119","denise0@adventure-works.com","5669 Ironwood Way","","Kenmore","Washingto","98028","United States"
57,"Frank","T","Miller","Production Technician - WC50","167-555-0139","frank1@adventure-works.com","591 Merriewood Drive","","Snohomish","Washingto","98296","United States"
58,"Kendall","C","Keil","Production Technician - WC50","138-555-0128","kendall0@adventure-works.com","7439 Laguna Niguel","","Seattle","Washingto","98104","United States"
59,"Bob","","Hohma","Production Technician - WC50","611-555-0116","bob0@adventure-works.com","6387 Scenic Avenue","","Bothell","Washingto","98011","United States"
60,"Pete","C","Male","Production Technician - WC50","768-555-0123","pete0@adventure-works.com","5375 Clearland Circle","","Seattle","Washingto","98104","United States"
61,"Diane","H","Tibbott","Production Technician - WC50","361-555-0180","diane2@adventure-works.com","8192 Seagull Court","","Kenmore","Washingto","98028","United States"
62,"Joh","T","Campbell","Production Supervisor - WC60","435-555-0113","john0@adventure-works.com","2639 Anchor Court","","Seattle","Washingto","98104","United States"
63,"Maciej","W","Dusza","Production Technician - WC60","237-555-0128","maciej0@adventure-works.com","3026 Anchor Drive","","Edmonds","Washingto","98020","United States"
64,"Michael","J","Zwilling","Production Technician - WC60","582-555-0148","michael7@adventure-works.com","7511 Cooper Dr.","","Edmonds","Washingto","98020","United States"
65,"Randy","T","Reeves","Production Technician - WC60","961-555-0122","randy0@adventure-works.com","3632 Bank Way","","Edmonds","Washingto","98020","United States"
66,"Kara","R","Khanna","Production Technician - WC60","447-555-0186","karan0@adventure-works.com","1102 Ravenwood","","Seattle","Washingto","98104","United States"
67,"Jay","G","Adams","Production Technician - WC60","407-555-0165","jay0@adventure-works.com","896 Southdale","","Monroe","Washingto","98272","United States"
68,"Charles","B","Fitzgerald","Production Technician - WC60","931-555-0118","charles0@adventure-works.com","5263 Etcheverry Dr","","Sammamish","Washingto","98074","United States"
69,"Steve","F","Masters","Production Technician - WC60","712-555-0170","steve0@adventure-works.com","1398 Yorba Linda","","Seattle","Washingto","98104","United States"
70,"David","J","Ortiz","Production Technician - WC60","712-555-0119","david2@adventure-works.com","931 Corte De Luna","","Seattle","Washingto","98104","United States"
71,"Michael","Sea","Ray","Production Supervisor - WC30","156-555-0199","michael3@adventure-works.com","6498 Mining Rd.","","Seattle","Washingto","98104","United States"
72,"Steve","T","Selikoff","Production Technician - WC30","925-555-0114","steven0@adventure-works.com","181 Gaining Drive","","Everett","Washingto","98201","United States"
73,"Carole","M","Poland","Production Technician - WC30","688-555-0192","carole0@adventure-works.com","8411 Mt. Orange Place","","Edmonds","Washingto","98020","United States"
74,"Bjor","M","Rettig","Production Technician - WC30","199-555-0117","bjorn0@adventure-works.com","5802 Ampersand Drive","","Seattle","Washingto","98104","United States"
75,"Michiko","F","Osada","Production Technician - WC30","984-555-0148","michiko0@adventure-works.com","1962 Ferndale Lane","","Sammamish","Washingto","98074","United States"
76,"Carol","M","Philips","Production Technician - WC30","609-555-0153","carol0@adventure-works.com","6872 Thornwood Dr.","","Bothell","Washingto","98011","United States"
77,"Merav","A","Netz","Production Technician - WC30","224-555-0187","merav0@adventure-works.com","5666 Hazelnut Lane","","Seattle","Washingto","98104","United States"
78,"Reube","H","D'sa","Production Supervisor - WC40","191-555-0112","reuben0@adventure-works.com","1064 Slow Creek Road","","Seattle","Washingto","98104","United States"
79,"Eric","L","Brow","Production Technician - WC40","680-555-0118","eric1@adventure-works.com","5086 Nottingham Place","","Duvall","Washingto","98019","United States"
80,"Sandeep","P","Kaliyath","Production Technician - WC40","166-555-0156","sandeep0@adventure-works.com","4310 Kenston Dr.","","Sammamish","Washingto","98074","United States"
81,"Mihail","U","Frintu","Production Technician - WC40","733-555-0128","mihail0@adventure-works.com","2466 Clearland Circle","","Edmonds","Washingto","98020","United States"
82,"Jack","T","Creasey","Production Technician - WC40","521-555-0113","jack1@adventure-works.com","874 Olivera Road","","Seattle","Washingto","98104","United States"
83,"Patrick","M","Cook","Production Technician - WC40","425-555-0117","patrick1@adventure-works.com","9537 Ridgewood Drive","","Seattle","Washingto","98104","United States"
84,"Frank","R","Martinez","Production Technician - WC40","203-555-0196","frank3@adventure-works.com","5724 Victory Lane","","Snohomish","Washingto","98296","United States"
85,"Bria","Richard","ldstei","Production Technician - WC40","730-555-0117","brian2@adventure-works.com","8157 W. Book","","Bothell","Washingto","98011","United States"
86,"Rya","L","Cornelse","Production Technician - WC40","208-555-0114","ryan0@adventure-works.com","177 11th Ave","","Sammamish","Washingto","98074","United States"
87,"Cristia","K","Petculescu","Production Supervisor - WC10","434-555-0133","cristian0@adventure-works.com","7166 Brock Lane","","Seattle","Washingto","98104","United States"
88,"Betsy","A","Stadick","Production Technician - WC10","405-555-0171","betsy0@adventure-works.com","5672 Hale Dr.","","Bothell","Washingto","98011","United States"
89,"Patrick","C","Wedge","Production Technician - WC10","413-555-0124","patrick0@adventure-works.com","3067 Maya","","Bellevue","Washingto","98004","United States"
90,"Danielle","C","Tiedt","Production Technician - WC10","500-555-0172","danielle0@adventure-works.com","5203 Virginia Lane","","Kenmore","Washingto","98028","United States"
91,"Kimberly","B","Zimmerma","Production Technician - WC10","123-555-0167","kimberly0@adventure-works.com","8656 Lakespring Place","","Seattle","Washingto","98104","United States"
92,"Tom","M","Vande Velde","Production Technician - WC10","295-555-0161","tom0@adventure-works.com","5242 Marvelle Ln.","","Everett","Washingto","98201","United States"
93,"Kok-Ho","T","Loh","Production Supervisor - WC50","999-555-0155","kok-ho0@adventure-works.com","3708 Montana","","Bellevue","Washingto","98004","United States"
94,"Russell","","Hunter","Production Technician - WC50","786-555-0144","russell0@adventure-works.com","7616 Honey Court","","Seattle","Washingto","98104","United States"
95,"Jim","H","Scardelis","Production Technician - WC50","679-555-0113","jim0@adventure-works.com","172 Turning Dr.","","Edmonds","Washingto","98020","United States"
96,"Elizabeth","I","Keyser","Production Technician - WC50","318-555-0137","elizabeth0@adventure-works.com","350 Pastel Drive","","Kent","Washingto","98031","United States"
97,"Mandar","H","Samant","Production Technician - WC50","140-555-0132","mandar0@adventure-works.com","2598 La Vista Circle","","Duvall","Washingto","98019","United States"
98,"Sameer","A","Tejani","Production Technician - WC50","990-555-0172","sameer0@adventure-works.com","5379 Treasure Island Way","# 14","Duvall","Washingto","98019","United States"
99,"Nua","","Yu","Production Technician - WC50","913-555-0184","nuan0@adventure-works.com","3454 Bel Air Drive","","Bellevue","Washingto","98004","United States"
100,"Lola","B","Song","Production Technician - WC50","582-555-0178","lolan0@adventure-works.com","8152 Claudia Dr.","","Edmonds","Washingto","98020","United States"
101,"Houma","","Pournasseh","Production Technician - WC50","180-555-0136","houman0@adventure-works.com","9882 Clay Rde","","Redmond","Washingto","98052","United States"
102,"Zheng","W","Mu","Production Supervisor - WC10","113-555-0173","zheng0@adventure-works.com","6578 Woodhaven Ln.","","Seattle","Washingto","98104","United States"
103,"Ebru","","Ersa","Production Technician - WC10","202-555-0187","ebru0@adventure-works.com","8316 La Salle St.","","Sammamish","Washingto","98074","United States"
104,"Mary","R","Baker","Production Technician - WC10","283-555-0185","mary1@adventure-works.com","2354 Frame Ln.","","Seattle","Washingto","98104","United States"
105,"Kevi","M","Homer","Production Technician - WC10","555-555-0113","kevin2@adventure-works.com","6058 Hill Street","# 4","Bellevue","Washingto","98004","United States"
106,"Joh","T","Kane","Production Technician - WC10","254-555-0114","john4@adventure-works.com","8209 Green View Court","","Duvall","Washingto","98019","United States"
107,"Christopher","E","Hill","Production Technician - WC10","153-555-0166","christopher0@adventure-works.com","1902 Santa Cruz","","Bothell","Washingto","98011","United States"
108,"Jinghao","K","Liu","Production Supervisor - WC50","794-555-0159","jinghao0@adventure-works.com","9666 Northridge Ct.","","Carnatio","Washingto","98014","United States"
109,"Alice","O","Ciccu","Production Technician - WC50","333-555-0173","alice0@adventure-works.com","3280 Pheasant Circle","","Snohomish","Washingto","98296","United States"
110,"Ju","T","Cao","Production Technician - WC50","299-555-0113","jun0@adventure-works.com","4909 Poco Lane","","Redmond","Washingto","98052","United States"
111,"Suroor","R","Fatima","Production Technician - WC50","932-555-0161","suroor0@adventure-works.com","3281 Hillview Dr.","","Edmonds","Washingto","98020","United States"
112,"Joh","P","Evans","Production Technician - WC50","172-555-0130","john1@adventure-works.com","136 Balboa Court","","Seattle","Washingto","98104","United States"
113,"Linda","K","Moschell","Production Technician - WC50","612-555-0171","linda0@adventure-works.com","3284 S. Blank Avenue","","Bellevue","Washingto","98004","United States"
114,"Mindaugas","J","Krapauskas","Production Technician - WC50","637-555-0120","mindaugas0@adventure-works.com","9825 Coralie Drive","","Edmonds","Washingto","98020","United States"
115,"Angela","W","Barbariol","Production Technician - WC50","150-555-0194","angela0@adventure-works.com","2687 Ridge Road","","Edmonds","Washingto","98020","United States"
116,"Michael","W","Patte","Production Technician - WC50","441-555-0195","michael2@adventure-works.com","2038 Encino Drive","","Edmonds","Washingto","98020","United States"
117,"Chad","W","Niswonger","Production Technician - WC50","559-555-0175","chad0@adventure-works.com","5747 Shirley Drive","","Bothell","Washingto","98011","United States"
118,"Do","L","Hall","Production Technician - WC50","100-555-0174","don0@adventure-works.com","1411 Ranch Drive","","Carnatio","Washingto","98014","United States"
119,"Michael","T","Enti","Production Technician - WC50","817-555-0186","michael4@adventure-works.com","2482 Buckingham Dr.","","Redmond","Washingto","98052","United States"
120,"Kitti","H","Lertpiriyasuwat","Production Technician - WC50","785-555-0132","kitti0@adventure-works.com","5376 Catanzaro Way","","Seattle","Washingto","98104","United States"
121,"Pilar","G","Ackerma","Shipping and Receiving Supervisor","577-555-0185","pilar0@adventure-works.com","5407 Cougar Way","","Seattle","Washingto","98104","United States"
122,"Susa","W","Eato","Stocker","943-555-0196","susan0@adventure-works.com","2736 Scramble Rd","","Rento","Washingto","98055","United States"
123,"Vamsi","","Kuppa","Shipping and Receiving Clerk","937-555-0137","vamsi0@adventure-works.com","9833 Mt. Dias Blv.","","Bothell","Washingto","98011","United States"
124,"Kim","T","Ralls","Stocker","309-555-0129","kim0@adventure-works.com","1226 Shoe St.","","Bothell","Washingto","98011","United States"
125,"Matthias","T","Berndt","Shipping and Receiving Clerk","139-555-0120","matthias0@adventure-works.com","4312 Cambridge Drive","","Rento","Washingto","98055","United States"
126,"Jimmy","T","Bischoff","Stocker","927-555-0168","jimmy0@adventure-works.com","2176 Brown Street","","Rento","Washingto","98055","United States"
127,"David","P","Hamilto","Production Supervisor - WC40","986-555-0177","david4@adventure-works.com","4095 Cooper Dr.","","Kenmore","Washingto","98028","United States"
128,"Paul","B","Komosinski","Production Technician - WC40","147-555-0160","paul0@adventure-works.com","7270 Pepper Way","","Bellevue","Washingto","98004","United States"
129,"Gary","W","Yukish","Production Technician - WC40","901-555-0125","gary0@adventure-works.com","6057 Hill Street","","Edmonds","Washingto","98020","United States"
130,"Rob","T","Caro","Production Technician - WC40","238-555-0116","rob1@adventure-works.com","5030 Blue Ridge Dr.","","Monroe","Washingto","98272","United States"
131,"Baris","F","Cetinok","Production Technician - WC40","164-555-0114","baris0@adventure-works.com","426 San Rafael","","Seattle","Washingto","98104","United States"
132,"Nicole","B","Holliday","Production Technician - WC40","508-555-0129","nicole0@adventure-works.com","3243 Buckingham Dr.","# 207","Seattle","Washingto","98104","United States"
133,"Michael","L","Rothkugel","Production Technician - WC40","454-555-0119","michael1@adventure-works.com","207 Berry Court","","Edmonds","Washingto","98020","United States"
134,"Eric","","Gubbels","Production Supervisor - WC20","260-555-0119","eric0@adventure-works.com","371 Apple Dr.","","Edmonds","Washingto","98020","United States"
135,"Ivo","William","Salmre","Production Technician - WC20","115-555-0179","ivo0@adventure-works.com","3841 Silver Oaks Place","","Monroe","Washingto","98272","United States"
136,"Sylvester","A","Valdez","Production Technician - WC20","492-555-0174","sylvester0@adventure-works.com","7902 Grammercy Lane","Unit A","Bellevue","Washingto","98004","United States"
137,"Anibal","T","Sousa","Production Technician - WC20","106-555-0120","anibal0@adventure-works.com","6891 Ham Drive","","Redmond","Washingto","98052","United States"
138,"Samantha","H","Smith","Production Technician - WC20","587-555-0114","samantha0@adventure-works.com","1648 Eastgate Lane","","Bellevue","Washingto","98004","United States"
139,"Hung-Fu","T","Ting","Production Technician - WC20","497-555-0181","hung-fu0@adventure-works.com","7086 O St.","","Sammamish","Washingto","98074","United States"
140,"Prasanna","E","Samarawickrama","Production Technician - WC20","129-555-0199","prasanna0@adventure-works.com","9322 Driving Drive","","Redmond","Washingto","98052","United States"
141,"Mi","G","Su","Production Technician - WC20","590-555-0152","min0@adventure-works.com","7396 Stratton Circle","","Bellevue","Washingto","98004","United States"
142,"Olinda","C","Turner","Production Technician - WC20","306-555-0186","olinda0@adventure-works.com","7221 Peachwillow Street","","Bellevue","Washingto","98004","United States"
143,"Krishna","","Sunkammurali","Production Technician - WC20","491-555-0183","krishna0@adventure-works.com","6870 D Bel Air Drive","","Edmonds","Washingto","98020","United States"
144,"Paul","R","Singh","Production Technician - WC20","727-555-0112","paul1@adventure-works.com","1343 Prospect St","","Bellevue","Washingto","98004","United States"
145,"Cynthia","S","Randall","Production Supervisor - WC30","352-555-0138","cynthia0@adventure-works.com","463 H Stagecoach Rd.","","Kenmore","Washingto","98028","United States"
146,"Jian Shuo","","Wang","Production Technician - WC30","952-555-0178","jianshuo0@adventure-works.com","8310 Ridge Circle","","Monroe","Washingto","98272","United States"
147,"Sandra","","Reátegui Alayo","Production Technician - WC30","896-555-0168","sandra0@adventure-works.com","1619 Stillman Court","","Seattle","Washingto","98104","United States"
148,"Jaso","M","Watters","Production Technician - WC30","571-555-0179","jason0@adventure-works.com","9320 Teakwood Dr.","","Bellevue","Washingto","98004","United States"
149,"Andy","M","Ruth","Production Technician - WC30","118-555-0110","andy0@adventure-works.com","4777 Rockne Drive","","Bellevue","Washingto","98004","United States"
150,"Michael","T","Vanderhyde","Production Technician - WC30","296-555-0121","michael5@adventure-works.com","2812 Mazatla","","Edmonds","Washingto","98020","United States"
151,"Rostislav","E","Shabali","Production Technician - WC30","751-555-0134","rostislav0@adventure-works.com","3711 Rollingwood Dr","","Bellevue","Washingto","98004","United States"
152,"Yuhong","L","Li","Production Supervisor - WC20","965-555-0155","yuhong0@adventure-works.com","502 Alexander Pl.","","Seattle","Washingto","98104","United States"
153,"Hanying","P","Feng","Production Technician - WC20","319-555-0139","hanying0@adventure-works.com","7297 RisingView","","Redmond","Washingto","98052","United States"
154,"Raymond","K","Sam","Production Technician - WC20","226-555-0197","raymond0@adventure-works.com","9784 Mt Etna Drive","","Edmonds","Washingto","98020","United States"
155,"Fadi","K","Fakhouri","Production Technician - WC20","935-555-0116","fadi0@adventure-works.com","1285 Greenbrier Street","","Snohomish","Washingto","98296","United States"
156,"Lane","M","Sacksteder","Production Technician - WC20","200-555-0117","lane0@adventure-works.com","3029 Pastime Dr","# 2","Seattle","Washingto","98104","United States"
157,"Linda","A","Randall","Production Technician - WC20","696-555-0157","linda1@adventure-works.com","77 Birchwood","","Seattle","Washingto","98104","United States"
158,"Shelley","","Dyck","Production Technician - WC20","991-555-0184","shelley0@adventure-works.com","3747 W. Landing Avenue","","Monroe","Washingto","98272","United States"
159,"Terrence","W","Earls","Production Technician - WC20","110-555-0115","terrence0@adventure-works.com","6968 Wren Ave.","","Bellevue","Washingto","98004","United States"
160,"Jeff","V","Hay","Production Supervisor - WC45","350-555-0167","jeff0@adventure-works.com","3385 Crestview Drive","","Everett","Washingto","98201","United States"
161,"Kirk","J","Koenigsbauer","Production Technician - WC45","669-555-0150","kirk0@adventure-works.com","1220 Bradford Way","","Seattle","Washingto","98104","United States"
162,"Laura","C","Steele","Production Technician - WC45","777-555-0141","laura0@adventure-works.com","1825 Corte Del Prado","","Duvall","Washingto","98019","United States"
163,"Alex","M","Nayberg","Production Technician - WC45","819-555-0198","alex0@adventure-works.com","1400 Gate Drive","","Newport Hills","Washingto","98006","United States"
164,"Andrew","M","Cencini","Production Technician - WC45","207-555-0192","andrew1@adventure-works.com","4444 Pepper Way","","Sammamish","Washingto","98074","United States"
165,"Chris","T","Presto","Production Technician - WC45","200-555-0112","chris0@adventure-works.com","6657 Sand Pointe Lane","","Seattle","Washingto","98104","United States"
166,"Jack","S","Richins","Production Supervisor - WC30","552-555-0111","jack0@adventure-works.com","1356 Grove Way","","Monroe","Washingto","98272","United States"
167,"David","","Johnso","Production Technician - WC30","166-555-0162","david1@adventure-works.com","6697 Ridge Park Drive","","Kenmore","Washingto","98028","United States"
168,"Garrett","R","Young","Production Technician - WC30","609-555-0179","garrett0@adventure-works.com","2115 Passing","","Snohomish","Washingto","98296","United States"
169,"Susa","A","Metters","Production Technician - WC30","639-555-0164","susan1@adventure-works.com","9104 Mt. Sequoia Ct.","","Sammamish","Washingto","98074","United States"
170,"George","Z","Li","Production Technician - WC30","518-555-0199","george0@adventure-works.com","3074 Arbor Drive","","Carnatio","Washingto","98014","United States"
171,"David","A","Yalovsky","Production Technician - WC30","373-555-0142","david3@adventure-works.com","5025 Holiday Hills","","Seattle","Washingto","98104","United States"
172,"Marc","J","Ingle","Production Technician - WC30","234-555-0169","marc0@adventure-works.com","2473 Orchard Way","","Sammamish","Washingto","98074","United States"
173,"Eugene","R","Zabokritski","Production Technician - WC30","241-555-0191","eugene0@adventure-works.com","7939 Bayview Court","","Sammamish","Washingto","98074","United States"
174,"Benjami","R","Marti","Production Technician - WC30","533-555-0111","benjamin0@adventure-works.com","4231 Spar Court","","Snohomish","Washingto","98296","United States"
175,"Reed","T","Koch","Production Technician - WC30","678-555-0110","reed0@adventure-works.com","1275 West Street","","Redmond","Washingto","98052","United States"
176,"David","Oliver","Lawrence","Production Technician - WC30","118-555-0177","david7@adventure-works.com","158 Walnut Ave","","Monroe","Washingto","98272","United States"
177,"Russell","M","King","Production Technician - WC30","517-555-0122","russell1@adventure-works.com","3919 Pinto Road","","Bellevue","Washingto","98004","United States"
178,"Joh","","Frum","Production Technician - WC30","663-555-0172","john3@adventure-works.com","3665 Oak Creek Ct.","","Everett","Washingto","98201","United States"
179,"Ja","S","Miksovsky","Production Technician - WC30","139-555-0131","jan0@adventure-works.com","8624 Pepper Way","","Everett","Washingto","98201","United States"
180,"Katie","L","McAskill-White","Production Supervisor - WC20","809-555-0133","katie0@adventure-works.com","4948 West 4th St","","Seattle","Washingto","98104","United States"
181,"Michael","T","Hines","Production Technician - WC20","218-555-0126","michael0@adventure-works.com","1792 Belmont Rd.","","Monroe","Washingto","98272","United States"
182,"Niti","S","Mirchandani","Production Technician - WC20","143-555-0173","nitin0@adventure-works.com","4096 San Remo","","Sammamish","Washingto","98074","United States"
183,"Barbara","S","Decker","Production Technician - WC20","119-555-0192","barbara0@adventure-works.com","7145 Matchstick Drive","","Sammamish","Washingto","98074","United States"
184,"Joh","Y","Che","Production Technician - WC20","201-555-0163","john2@adventure-works.com","3977 Central Avenue","","Duvall","Washingto","98019","United States"
185,"Stefe","A","Hesse","Production Technician - WC20","165-555-0113","stefen0@adventure-works.com","8463 Vista Avenue","","Duvall","Washingto","98019","United States"
186,"Shane","S","Kim","Production Supervisor - WC45","810-555-0178","shane0@adventure-works.com","9745 Bonita Ct.","","Bellevue","Washingto","98004","United States"
187,"Yvonne","S","McKay","Production Technician - WC45","286-555-0189","yvonne0@adventure-works.com","1962 Cotton Ct.","","Everett","Washingto","98201","United States"
188,"Douglas","B","Hite","Production Technician - WC45","808-555-0172","douglas0@adventure-works.com","390 Ridgewood Ct.","","Carnatio","Washingto","98014","United States"
189,"Janeth","M","Esteves","Production Technician - WC45","540-555-0191","janeth0@adventure-works.com","4566 La Jolla","","Monroe","Washingto","98272","United States"
190,"Robert","J","Rounthwaite","Production Technician - WC45","589-555-0147","robert0@adventure-works.com","6843 San Simeon Dr.","","Seattle","Washingto","98104","United States"
191,"Lionel","C","Penuchot","Production Technician - WC45","450-555-0152","lionel0@adventure-works.com","7765 Sunsine Drive","","Seattle","Washingto","98104","United States"
192,"Brenda","M","Diaz","Production Supervisor - WC40","142-555-0139","brenda0@adventure-works.com","1349 Steven Way","","Seattle","Washingto","98104","United States"
193,"Alejandro","E","McGuel","Production Technician - WC40","668-555-0130","alejandro0@adventure-works.com","7127 Los Gatos Court","","Seattle","Washingto","98104","United States"
194,"Fred","T","Northup","Production Technician - WC40","818-555-0192","fred0@adventure-works.com","2601 Cambridge Drive","","Snohomish","Washingto","98296","United States"
195,"Kevi","H","Liu","Production Technician - WC40","714-555-0138","kevin1@adventure-works.com","7594 Alexander Pl.","","Seattle","Washingto","98104","United States"
196,"Shammi","G","Mohamed","Production Technician - WC40","793-555-0179","shammi0@adventure-works.com","332 Laguna Niguel","","Bellevue","Washingto","98004","United States"
197,"Rajesh","M","Patel","Production Technician - WC40","373-555-0137","rajesh0@adventure-works.com","5423 Champion Rd.","","Edmonds","Washingto","98020","United States"
198,"Lorraine","O","Nay","Production Technician - WC40","845-555-0184","lorraine0@adventure-works.com","2059 Clay Rd","","Edmonds","Washingto","98020","United States"
199,"Paula","R","Nartker","Production Technician - WC40","476-555-0119","paula1@adventure-works.com","2144 San Rafael","","Seattle","Washingto","98104","United States"
200,"Frank","T","Lee","Production Technician - WC40","158-555-0191","frank0@adventure-works.com","8290 Margaret Ct.","","Seattle","Washingto","98104","United States"
201,"Bria","T","Lloyd","Production Technician - WC40","110-555-0182","brian0@adventure-works.com","7230 Vine Maple Street","","Snohomish","Washingto","98296","United States"
202,"Tawana","G","Nusbaum","Production Technician - WC40","368-555-0113","tawana0@adventure-works.com","9964 North Ridge Drive","","Seattle","Washingto","98104","United States"
203,"Ke","L","Myer","Production Technician - WC40","949-555-0174","ken1@adventure-works.com","1362 Somerset Place","","Everett","Washingto","98201","United States"
204,"Gabe","B","Mares","Production Technician - WC40","310-555-0117","gabe0@adventure-works.com","1061 Buskrik Avenue","","Edmonds","Washingto","98020","United States"
205,"Lori","A","Kane","Production Supervisor - WC45","289-555-0196","lori0@adventure-works.com","3066 Wallace Dr.","","Redmond","Washingto","98052","United States"
206,"Stuart","V","Munso","Production Technician - WC45","413-555-0136","stuart0@adventure-works.com","6448 Castle Court","","Bellevue","Washingto","98004","United States"
207,"Greg","F","Alderso","Production Technician - WC45","332-555-0150","greg0@adventure-works.com","8684 Military East","","Bellevue","Washingto","98004","United States"
208,"Scott","R","de","Production Technician - WC45","391-555-0138","scott0@adventure-works.com","7403 N. Broadway","","Seattle","Washingto","98104","United States"
209,"Kathie","E","Flood","Production Technician - WC45","446-555-0118","kathie0@adventure-works.com","9241 St George Dr.","","Everett","Washingto","98201","United States"
210,"Belinda","M","Newma","Production Technician - WC45","319-555-0126","belinda0@adventure-works.com","1399 Firestone Drive","","Bothell","Washingto","98011","United States"
211,"Hazem","E","Abolrous","Quality Assurance Manager","869-555-0125","hazem0@adventure-works.com","5050 Mt. Wilson Way","","Kenmore","Washingto","98028","United States"
212,"Peng","J","Wu","Quality Assurance Supervisor","164-555-0164","peng0@adventure-works.com","250 Race Court","","Bothell","Washingto","98011","United States"
213,"Sootha","T","Charncherngkha","Quality Assurance Technicia","325-555-0137","sootha0@adventure-works.com","4155 Working Drive","","Kenmore","Washingto","98028","United States"
214,"Andreas","T","Berglund","Quality Assurance Technicia","181-555-0124","andreas0@adventure-works.com","1803 Olive Hill","","Rento","Washingto","98055","United States"
215,"Mark","L","Harringto","Quality Assurance Technicia","147-555-0179","mark0@adventure-works.com","8585 Los Gatos Ct.","","Issaquah","Washingto","98027","United States"
216,"Sea","P","Alexander","Quality Assurance Technicia","420-555-0173","sean0@adventure-works.com","7985 Center Street","","Rento","Washingto","98055","United States"
217,"Zainal","T","Arifi","Document Control Manager","204-555-0115","zainal0@adventure-works.com","342 San Simeo","","Issaquah","Washingto","98027","United States"
218,"Tengiz","","Kharatishvili","Control Specialist","910-555-0116","tengiz0@adventure-works.com","3333 Madhatter Circle","","Issaquah","Washingto","98027","United States"
219,"Sea","","Chai","Document Control Assistant","205-555-0132","sean1@adventure-works.com","9314 Icicle Way","","Issaquah","Washingto","98027","United States"
220,"Kare","R","Berge","Document Control Assistant","746-555-0164","karen0@adventure-works.com","3127 El Camino Drive","","Index","Washingto","98256","United States"
221,"Chris","K","Norred","Control Specialist","575-555-0126","chris1@adventure-works.com","989 Crown Ct","","Issaquah","Washingto","98027","United States"
222,"A. Scott","","Wright","Master Scheduler","992-555-0194","ascott0@adventure-works.com","9297 Kenston Dr.","","Newport Hills","Washingto","98006","United States"
223,"Sairaj","L","Uddi","Scheduling Assistant","500-555-0159","sairaj0@adventure-works.com","8040 Hill Ct","","Redmond","Washingto","98052","United States"
224,"William","S","Vong","Scheduling Assistant","148-555-0145","william0@adventure-works.com","6774 Bonanza","","Bellevue","Washingto","98004","United States"
225,"Ala","J","Brewer","Scheduling Assistant","438-555-0172","alan0@adventure-works.com","25 95th Ave NE","","Kenmore","Washingto","98028","United States"
226,"Bria","P","LaMee","Scheduling Assistant","313-555-0196","brian1@adventure-works.com","2294 West 39th St.","","Everett","Washingto","98201","United States"
227,"Gary","E.","Altma","Facilities Manager","110-555-0112","gary1@adventure-works.com","2598 Breck Court","","Rento","Washingto","98055","United States"
228,"Christia","E","Kleinerma","Maintenance Supervisor","846-555-0157","christian0@adventure-works.com","8036 Summit View Dr.","","ld Bar","Washingto","98251","United States"
229,"Lori","K","Penor","Janitor","295-555-0161","lori1@adventure-works.com","3514 Sunshine","","Index","Washingto","98256","United States"
230,"Stuart","J","Macrae","Janitor","539-555-0149","stuart1@adventure-works.com","2266 Greenwood Circle","","Rento","Washingto","98055","United States"
231,"Jo","L","Berry","Janitor","228-555-0159","jo1@adventure-works.com","1748 Bird Drive","","Index","Washingto","98256","United States"
232,"Pat","H","Colema","Janitor","720-555-0158","pat0@adventure-works.com","2425 Notre Dame Ave","","ld Bar","Washingto","98251","United States"
233,"Magnus","E","Hedlund","Facilities Administrative Assistant","583-555-0182","magnus0@adventure-works.com","9533 Working Drive","","Rento","Washingto","98055","United States"
234,"Laura","F","Norma","Chief Financial Officer","615-555-0110","laura1@adventure-works.com","6937 E. 42nd Street","","Rento","Washingto","98055","United States"
235,"Paula","M","Barreto de Mattos","Human Resources Manager","523-555-0175","paula0@adventure-works.com","4311 Clay Rd","","Bellevue","Washingto","98004","United States"
236,"Grant","","Culbertso","Human Resources Administrative Assistant","955-555-0131","grant0@adventure-works.com","213 Stonewood Drive","","ld Bar","Washingto","98251","United States"
237,"Hao","O","Che","Human Resources Administrative Assistant","806-555-0136","hao0@adventure-works.com","7691 Benedict Ct.","# 141","Issaquah","Washingto","98027","United States"
238,"Vidur","X","Luthra","Recruiter","153-555-0186","vidur0@adventure-works.com","3030 Blackburn Ct.","","Newport Hills","Washingto","98006","United States"
239,"Mindy","C","Marti","Benefits Specialist","522-555-0147","mindy0@adventure-works.com","9687 Shakespeare Drive","","Newport Hills","Washingto","98006","United States"
240,"Willis","T","Johnso","Recruiter","778-555-0141","willis0@adventure-works.com","5452 Corte Gilberto","","Everett","Washingto","98201","United States"
241,"David","J","Liu","Accounts Manager","646-555-0185","david6@adventure-works.com","9605 Pheasant Circle","","ld Bar","Washingto","98251","United States"
242,"Deborah","E","Poe","Accounts Receivable Specialist","602-555-0194","deborah0@adventure-works.com","7640 First Ave.","","Everett","Washingto","98201","United States"
243,"Candy","L","Spoo","Accounts Receivable Specialist","920-555-0177","candy0@adventure-works.com","310 Winter Lane","","Index","Washingto","98256","United States"
244,"Brya","A","Walto","Accounts Receivable Specialist","935-555-0199","bryan1@adventure-works.com","1397 Paradise Ct.","","Newport Hills","Washingto","98006","United States"
245,"Barbara","C","Moreland","Accountant","822-555-0145","barbara1@adventure-works.com","137 Mazatla","","Seattle","Washingto","98104","United States"
246,"Draga","K","Tomic","Accounts Payable Specialist","117-555-0185","dragan0@adventure-works.com","3884 Beauty Street","# 14","ld Bar","Washingto","98251","United States"
247,"Janet","L","Sheperdigia","Accounts Payable Specialist","393-555-0186","janet0@adventure-works.com","6871 Thornwood Dr.","","Sammamish","Washingto","98074","United States"
248,"Mike","K","Seamans","Accountant","927-555-0150","mike0@adventure-works.com","1245 Clay Road","","Index","Washingto","98256","United States"
249,"Wendy","Beth","Kah","Finance Manager","248-555-0134","wendy0@adventure-works.com","4525 Benedict Ct.","","Sammamish","Washingto","98074","United States"
250,"Sheela","H","Word","Purchasing Manager","210-555-0193","sheela0@adventure-works.com","535 Greendell Pl","","Sammamish","Washingto","98074","United States"
251,"Mikael","Q","Sandberg","Buyer","309-555-0170","mikael0@adventure-works.com","9539 Glenside Dr","","Bothell","Washingto","98011","United States"
252,"Arvind","B","Rao","Buyer","848-555-0163","arvind0@adventure-works.com","9495 Limewood Place","","Rento","Washingto","98055","United States"
253,"Linda","P","Meisner","Buyer","916-555-0165","linda2@adventure-works.com","6118 Grasswood Circle","","Bellevue","Washingto","98004","United States"
254,"Fukiko","J","Ogisu","Buyer","520-555-0177","fukiko0@adventure-works.com","8751 Norse Drive","","Bellevue","Washingto","98004","United States"
255,"rdo","L","Hee","Buyer","230-555-0144","rdon0@adventure-works.com","108 Lakeside Court","","Bellevue","Washingto","98004","United States"
256,"Frank","S","Pellow","Buyer","163-555-0147","frank2@adventure-works.com","5980 Icicle Circle","Unit H","Rento","Washingto","98055","United States"
257,"Eric","S","Kurja","Buyer","265-555-0195","eric2@adventure-works.com","1378 String Dr","","Rento","Washingto","98055","United States"
258,"Eri","M","Hagens","Buyer","842-555-0158","erin0@adventure-works.com","2947 Vine Lane","","Bellevue","Washingto","98004","United States"
259,"Be","T","Miller","Buyer","151-555-0113","ben0@adventure-works.com","101 Candy Rd.","","Redmond","Washingto","98052","United States"
260,"Annette","L","Hill","Purchasing Assistant","125-555-0196","annette0@adventure-works.com","6369 Ellis Street","","Redmond","Washingto","98052","United States"
261,"Reinout","","Hillman","Purchasing Assistant","370-555-0163","reinout0@adventure-works.com","620 Woodside Ct.","","Bellevue","Washingto","98004","United States"
262,"David","M","Barber","Assistant to the Chief Financial Officer","477-555-0132","david5@adventure-works.com","8967 Hamilton Ave.","","Newport Hills","Washingto","98006","United States"
263,"Jea","E","Trenary","Information Services Manager","685-555-0120","jean0@adventure-works.com","2383 Pepper Drive","","Redmond","Washingto","98052","United States"
264,"Stephanie","A","Conroy","Network Manager","594-555-0110","stephanie0@adventure-works.com","7435 Ricardo","","Issaquah","Washingto","98027","United States"
265,"Ashvini","R","Sharma","Network Administrator","656-555-0119","ashvini0@adventure-works.com","6580 Poor Ridge Court","","Issaquah","Washingto","98027","United States"
266,"Peter","I","Connelly","Network Administrator","310-555-0133","peter1@adventure-works.com","9530 Vine Lane","","Issaquah","Washingto","98027","United States"
267,"Kare","A","Berg","Application Specialist","654-555-0177","karen1@adventure-works.com","5256 Chickpea Ct.","","Issaquah","Washingto","98027","United States"
268,"Ramesh","V","Meyyappa","Application Specialist","182-555-0134","ramesh0@adventure-works.com","3848 East 39th Street","","Issaquah","Washingto","98027","United States"
269,"Da","K","Baco","Application Specialist","166-555-0159","dan0@adventure-works.com","1921 Ranch Road","","Issaquah","Washingto","98027","United States"
270,"François","P","Ajenstat","Database Administrator","785-555-0110","françois0@adventure-works.com","1144 Paradise Ct.","","Issaquah","Washingto","98027","United States"
271,"Da","B","Wilso","Database Administrator","653-555-0144","dan1@adventure-works.com","5863 Sierra","","Bellevue","Washingto","98004","United States"
272,"Janaina","Barreiro Gambaro","Bueno","Application Specialist","623-555-0155","janaina0@adventure-works.com","5979 El Pueblo","","Issaquah","Washingto","98027","United States"
273,"Bria","S","Welcker","Vice President of Sales","716-555-0127","brian3@adventure-works.com","7772 lden Meadow","","Issaquah","Washingto","98027","United States"
274,"Stephe","Y","Jiang","North American Sales Manager","238-555-0197","stephen0@adventure-works.com","2427 Notre Dame Ave.","","Redmond","Washingto","98052","United States"
275,"Michael","G","Blythe","Sales Representative","257-555-0154","michael9@adventure-works.com","8154 Via Mexico","","Detroit","Michiga","48226","United States"
276,"Linda","C","Mitchell","Sales Representative","883-555-0116","linda3@adventure-works.com","2487 Riverside Drive","","Nevada","Utah","84407","United States"
277,"Jillia","","Carso","Sales Representative","517-555-0117","jillian0@adventure-works.com","80 Sunview Terrace","","Duluth","Minnesota","55802","United States"
278,"Garrett","R","Vargas","Sales Representative","922-555-0165","garrett1@adventure-works.com","10203 Acorn Avenue","","Calgary","Alberta","T2P 2G8","Canada"
279,"Tsvi","Michael","Reiter","Sales Representative","664-555-0112","tsvi0@adventure-works.com","8291 Crossbow Way","","Memphis","Tennessee","38103","United States"
280,"Pamela","O","Ansman-Wolfe","Sales Representative","340-555-0193","pamela0@adventure-works.com","636 Vine Hill Way","","Portland","Ore","97205","United States"
281,"Shu","K","Ito","Sales Representative","330-555-0120","shu0@adventure-works.com","5725 Glaze Drive","","San Francisco","California","94109","United States"
282,"José","Edvaldo","Saraiva","Sales Representative","185-555-0169","josé1@adventure-works.com","9100 Sheppard Avenue North","","Ottawa","Ontario","K4B 1T7","Canada"
283,"David","R","Campbell","Sales Representative","740-555-0182","david8@adventure-works.com","2284 Azalea Avenue","","Bellevue","Washingto","98004","United States"
284,"Tete","A","Mensa-Anna","Sales Representative","615-555-0153","tete0@adventure-works.com","3997 Via De Luna","","Cambridge","Massachusetts","02139","United States"
285,"Syed","E","Abbas","Pacific Sales Manager","926-555-0182","syed0@adventure-works.com","7484 Roundtree Drive","","Bothell","Washingto","98011","United States"
286,"Lyn","","Tsoflias","Sales Representative","1 (11) 500 555-0190","lynn0@adventure-works.com","34 Waterloo Road","","Melbourne","Victoria","3000","Australia"
287,"Amy","E","Alberts","European Sales Manager","775-555-0164","amy0@adventure-works.com","5009 Orange Street","","Rento","Washingto","98055","United States"
288,"Rachel","B","Valdez","Sales Representative","1 (11) 500 555-0140","rachel0@adventure-works.com","Pascalstr 951","","Berli","Hamburg","14111","Germany"
289,"Jae","B","Pak","Sales Representative","1 (11) 500 555-0145","jae0@adventure-works.com","Downshire Way","","Cambridge","England","BA5 3HX","United Kingdom"
290,"Ranjit","R","Varkey Chudukatil","Sales Representative","1 (11) 500 555-0117","ranjit0@adventure-works.com","94, rue Descartes","","Bordeaux","Gironde","33000","France"
